-- AI Center seed data: 8 skills, 24 runs, policies, stages, evidence links
-- All scoped to workspace WS-001

-- ============================================================
-- Skills (8 total: 5 delivery + 3 runtime)
-- ============================================================

INSERT INTO skill (id, workspace_id, skill_key_code, name, category, sub_category, status, default_autonomy, owner, description, input_contract, output_contract, version, created_at, updated_at) VALUES
('sk-001', 'WS-001', 'req-to-user-story',      'Requirement to User Story',   'delivery', 'Requirement',  'active', 'L1-Assist',             'platform-ai',  'Transforms raw business requirements into Jira-ready Agile user stories with acceptance criteria.',                         'RequirementId, RequirementText',              'UserStorySet, AcceptanceCriteria',                       2, TIMESTAMP '2026-03-01 10:00:00', TIMESTAMP '2026-04-10 08:00:00'),
('sk-002', 'WS-001', 'user-story-to-spec',      'User Story to Spec',          'delivery', 'Spec',         'active', 'L1-Assist',             'platform-ai',  'Converts user stories into structured engineering specification documents.',                                                 'UserStoryId, UserStoryText',                  'SpecDocument, TechnicalConstraints',                     1, TIMESTAMP '2026-03-05 10:00:00', TIMESTAMP '2026-04-12 09:00:00'),
('sk-003', 'WS-001', 'spec-to-architecture',    'Spec to Architecture',        'delivery', 'Architecture', 'active', 'L2-Auto-with-approval', 'platform-ai',  'Generates high-level system architecture from engineering specifications.',                                                  'SpecId, SpecDocument',                        'ArchitectureDocument, ComponentDiagram, DataFlowDiagram', 1, TIMESTAMP '2026-03-10 10:00:00', TIMESTAMP '2026-04-14 11:00:00'),
('sk-004', 'WS-001', 'architecture-to-design',  'Architecture to Design',      'delivery', 'Design',       'active', 'L2-Auto-with-approval', 'platform-ai',  'Produces detailed design artifacts from architecture documents.',                                                           'ArchitectureId, ArchitectureDocument',        'DesignDocument, APIContracts, DataModel',                 1, TIMESTAMP '2026-03-12 10:00:00', TIMESTAMP '2026-04-14 12:00:00'),
('sk-005', 'WS-001', 'design-to-tasks',         'Design to Tasks',             'delivery', 'Tasks',        'active', 'L1-Assist',             'platform-ai',  'Converts design documents into phased implementation task breakdowns.',                                                     'DesignId, DesignDocument',                    'TaskBreakdown, DependencyGraph',                          1, TIMESTAMP '2026-03-15 10:00:00', TIMESTAMP '2026-04-15 14:00:00'),
('sk-006', 'WS-001', 'incident-diagnosis',      'Incident Diagnosis',          'runtime',  'Incident',     'active', 'L2-Auto-with-approval', 'platform-sre', 'Performs root cause analysis correlating signals with recent changes.',                                                      'IncidentId, SignalSet, RecentChangeWindow',   'RootCauseHypothesis, EvidenceSet, ConfidenceScore',       3, TIMESTAMP '2026-02-20 10:00:00', TIMESTAMP '2026-04-17 14:00:00'),
('sk-007', 'WS-001', 'incident-remediation',    'Incident Remediation',        'runtime',  'Incident',     'active', 'L3-Auto',               'platform-sre', 'Proposes and optionally executes remediation actions for diagnosed incidents.',                                              'DiagnosisId, RootCauseHypothesis',            'RemediationPlan, ExecutionResult',                        2, TIMESTAMP '2026-02-25 10:00:00', TIMESTAMP '2026-04-16 10:00:00'),
('sk-008', 'WS-001', 'code-review-assist',      'Code Review Assist',          'delivery', 'Code',         'beta',   'L0-Manual',             'platform-ai',  'Assists code review by highlighting security, performance, and quality issues.',                                             'PullRequestId, DiffContent',                  'ReviewComments, SeverityClassification',                  1, TIMESTAMP '2026-04-01 10:00:00', TIMESTAMP '2026-04-17 16:00:00');

-- ============================================================
-- Skill Stages (bridge table)
-- ============================================================

INSERT INTO skill_stage (id, skill_id, stage_key) VALUES
('ss-001', 'sk-001', 'requirement'),
('ss-002', 'sk-001', 'user-story'),
('ss-003', 'sk-002', 'user-story'),
('ss-004', 'sk-002', 'spec'),
('ss-005', 'sk-003', 'spec'),
('ss-006', 'sk-003', 'architecture'),
('ss-007', 'sk-004', 'architecture'),
('ss-008', 'sk-004', 'design'),
('ss-009', 'sk-005', 'design'),
('ss-010', 'sk-005', 'tasks'),
('ss-011', 'sk-006', 'incident'),
('ss-012', 'sk-007', 'incident'),
('ss-013', 'sk-008', 'code'),
('ss-014', 'sk-006', 'learning');

-- ============================================================
-- Policies (one per skill)
-- ============================================================

INSERT INTO policy (id, workspace_id, skill_id, autonomy_level, approval_required_actions, authorized_approver_roles, risk_thresholds, last_changed_at, last_changed_by) VALUES
('pol-001', 'WS-001', 'sk-001', 'L1-Assist',             '["generate-stories"]',                                    '["Product Owner","Workspace Admin"]',  '{"maxStories":20}',                                                  TIMESTAMP '2026-03-01 10:00:00', 'platform-admin@corp.example'),
('pol-002', 'WS-001', 'sk-002', 'L1-Assist',             '["generate-spec"]',                                       '["Tech Lead","Workspace Admin"]',      '{"maxSpecSize":"50KB"}',                                              TIMESTAMP '2026-03-05 10:00:00', 'platform-admin@corp.example'),
('pol-003', 'WS-001', 'sk-003', 'L2-Auto-with-approval', '["generate-architecture","modify-shared-components"]',     '["Architect","Workspace Admin"]',      '{"blastRadius":"service","maxComponents":10}',                        TIMESTAMP '2026-03-10 10:00:00', 'platform-admin@corp.example'),
('pol-004', 'WS-001', 'sk-004', 'L2-Auto-with-approval', '["generate-design","create-api-contracts"]',               '["Tech Lead","Architect"]',            '{"blastRadius":"module","maxEndpoints":20}',                          TIMESTAMP '2026-03-12 10:00:00', 'platform-admin@corp.example'),
('pol-005', 'WS-001', 'sk-005', 'L1-Assist',             '["generate-tasks"]',                                      '["Tech Lead","Workspace Admin"]',      '{"maxTasks":50}',                                                     TIMESTAMP '2026-03-15 10:00:00', 'platform-admin@corp.example'),
('pol-006', 'WS-001', 'sk-006', 'L2-Auto-with-approval', '["restart-service","scale-up-resources"]',                 '["SRE Lead","Workspace Admin"]',       '{"blastRadius":"namespace","maxRevenueImpactUsd":1000}',              TIMESTAMP '2026-04-02 12:00:00', 'platform-admin@corp.example'),
('pol-007', 'WS-001', 'sk-007', 'L3-Auto',               '["rollback-deploy","restart-pod","scale-replicas"]',       '["SRE Lead"]',                         '{"blastRadius":"pod","maxDowntimeMinutes":5}',                        TIMESTAMP '2026-03-20 10:00:00', 'platform-admin@corp.example'),
('pol-008', 'WS-001', 'sk-008', 'L0-Manual',             '[]',                                                      '[]',                                   '{}',                                                                  TIMESTAMP '2026-04-01 10:00:00', 'platform-admin@corp.example');

-- ============================================================
-- Skill Executions (24 total, covering all statuses)
-- ============================================================

-- req-to-user-story runs (4)
INSERT INTO skill_execution (id, workspace_id, skill_id, skill_key, status, trigger_source_type, trigger_source_page, trigger_source_url, triggered_by, triggered_by_type, started_at, ended_at, duration_ms, input_summary, output_summary, step_breakdown, policy_trail, autonomy_level, time_saved_minutes, audit_record_id, outcome_summary) VALUES
('run-001', 'WS-001', 'sk-001', 'req-to-user-story', 'succeeded', 'page', '/requirements/REQ-101', '/requirements/REQ-101', 'analyst-alice', 'human', TIMESTAMP '2026-04-17 09:00:00', TIMESTAMP '2026-04-17 09:02:30', 150000, '{"requirementId":"REQ-101"}', '{"storiesGenerated":5}', '[{"ordinal":1,"name":"parse-requirement","status":"succeeded","startedAt":"2026-04-17T09:00:00Z","endedAt":"2026-04-17T09:00:30Z","durationMs":30000,"note":null},{"ordinal":2,"name":"generate-stories","status":"succeeded","startedAt":"2026-04-17T09:00:30Z","endedAt":"2026-04-17T09:02:30Z","durationMs":120000,"note":null}]', '[{"rule":"autonomy<=L1","decision":"allowed","at":"2026-04-17T09:00:00Z","note":null}]', 'L1-Assist', 30, 'aud-001', 'Generated 5 user stories from REQ-101'),
('run-002', 'WS-001', 'sk-001', 'req-to-user-story', 'succeeded', 'page', '/requirements/REQ-102', '/requirements/REQ-102', 'analyst-alice', 'human', TIMESTAMP '2026-04-16 14:00:00', TIMESTAMP '2026-04-16 14:01:45', 105000, '{"requirementId":"REQ-102"}', '{"storiesGenerated":3}', '[]', '[]', 'L1-Assist', 20, 'aud-002', 'Generated 3 user stories from REQ-102'),
('run-003', 'WS-001', 'sk-001', 'req-to-user-story', 'failed',    'page', '/requirements/REQ-103', '/requirements/REQ-103', 'analyst-bob',   'human', TIMESTAMP '2026-04-15 10:00:00', TIMESTAMP '2026-04-15 10:00:45', 45000,  '{"requirementId":"REQ-103"}', '{}',                      '[]', '[]', 'L1-Assist', 0,  'aud-003', 'Failed: requirement text too ambiguous to decompose'),
('run-004', 'WS-001', 'sk-001', 'req-to-user-story', 'succeeded', 'manual', null, null, 'analyst-alice', 'human', TIMESTAMP '2026-04-10 11:00:00', TIMESTAMP '2026-04-10 11:03:00', 180000, '{"requirementId":"REQ-099"}', '{"storiesGenerated":7}', '[]', '[]', 'L1-Assist', 35, 'aud-004', 'Generated 7 user stories from REQ-099');

-- user-story-to-spec runs (3)
INSERT INTO skill_execution (id, workspace_id, skill_id, skill_key, status, trigger_source_type, trigger_source_page, trigger_source_url, triggered_by, triggered_by_type, started_at, ended_at, duration_ms, input_summary, output_summary, step_breakdown, policy_trail, autonomy_level, time_saved_minutes, audit_record_id, outcome_summary) VALUES
('run-005', 'WS-001', 'sk-002', 'user-story-to-spec', 'succeeded', 'page', '/requirements/REQ-101', '/requirements/REQ-101', 'dev-carol', 'human', TIMESTAMP '2026-04-17 10:00:00', TIMESTAMP '2026-04-17 10:05:00', 300000, '{"storyIds":["US-201","US-202"]}', '{"specGenerated":true}', '[]', '[]', 'L1-Assist', 45, 'aud-005', 'Generated spec from 2 user stories'),
('run-006', 'WS-001', 'sk-002', 'user-story-to-spec', 'succeeded', 'page', '/requirements/REQ-102', '/requirements/REQ-102', 'dev-carol', 'human', TIMESTAMP '2026-04-16 15:00:00', TIMESTAMP '2026-04-16 15:04:00', 240000, '{"storyIds":["US-203"]}',          '{"specGenerated":true}', '[]', '[]', 'L1-Assist', 40, 'aud-006', 'Generated spec from US-203'),
('run-007', 'WS-001', 'sk-002', 'user-story-to-spec', 'failed',    'page', '/requirements/REQ-104', '/requirements/REQ-104', 'dev-dave',  'human', TIMESTAMP '2026-04-14 09:00:00', TIMESTAMP '2026-04-14 09:01:00', 60000,  '{"storyIds":["US-210"]}',          '{}',                     '[]', '[]', 'L1-Assist', 0,  'aud-007', 'Failed: story lacked acceptance criteria');

-- spec-to-architecture runs (3)
INSERT INTO skill_execution (id, workspace_id, skill_id, skill_key, status, trigger_source_type, trigger_source_page, trigger_source_url, triggered_by, triggered_by_type, started_at, ended_at, duration_ms, input_summary, output_summary, step_breakdown, policy_trail, autonomy_level, time_saved_minutes, audit_record_id, outcome_summary) VALUES
('run-008', 'WS-001', 'sk-003', 'spec-to-architecture', 'succeeded',        'page', '/requirements/REQ-101', '/requirements/REQ-101', 'auto-pipeline', 'ai',     TIMESTAMP '2026-04-17 11:00:00', TIMESTAMP '2026-04-17 11:08:00', 480000, '{"specId":"SPEC-301"}', '{"architectureGenerated":true}', '[]', '[{"rule":"autonomy<=L2","decision":"allowed","at":"2026-04-17T11:00:00Z","note":null}]', 'L2-Auto-with-approval', 60, 'aud-008', 'Generated architecture document for SPEC-301'),
('run-009', 'WS-001', 'sk-003', 'spec-to-architecture', 'pending_approval', 'page', '/requirements/REQ-105', '/requirements/REQ-105', 'auto-pipeline', 'ai',     TIMESTAMP '2026-04-18 08:00:00', null, null, '{"specId":"SPEC-305"}', '{}', '[]', '[{"rule":"autonomy<=L2","decision":"held-for-approval","at":"2026-04-18T08:00:00Z","note":"Requires architect sign-off"}]', 'L2-Auto-with-approval', 0, null, 'Awaiting architect approval for SPEC-305'),
('run-010', 'WS-001', 'sk-003', 'spec-to-architecture', 'rejected',         'page', '/requirements/REQ-106', '/requirements/REQ-106', 'auto-pipeline', 'ai',     TIMESTAMP '2026-04-13 09:00:00', TIMESTAMP '2026-04-13 09:05:00', 300000, '{"specId":"SPEC-306"}', '{}', '[]', '[{"rule":"autonomy<=L2","decision":"denied","at":"2026-04-13T09:05:00Z","note":"Rejected by architect: spec incomplete"}]', 'L2-Auto-with-approval', 0, 'aud-010', 'Rejected: spec lacked non-functional requirements');

-- architecture-to-design runs (2)
INSERT INTO skill_execution (id, workspace_id, skill_id, skill_key, status, trigger_source_type, trigger_source_page, trigger_source_url, triggered_by, triggered_by_type, started_at, ended_at, duration_ms, input_summary, output_summary, step_breakdown, policy_trail, autonomy_level, time_saved_minutes, audit_record_id, outcome_summary) VALUES
('run-011', 'WS-001', 'sk-004', 'architecture-to-design', 'succeeded', 'page', '/requirements/REQ-101', '/requirements/REQ-101', 'auto-pipeline', 'ai', TIMESTAMP '2026-04-17 12:00:00', TIMESTAMP '2026-04-17 12:10:00', 600000, '{"architectureId":"ARCH-401"}', '{"designGenerated":true}', '[]', '[]', 'L2-Auto-with-approval', 90, 'aud-011', 'Generated design artifacts for ARCH-401'),
('run-012', 'WS-001', 'sk-004', 'architecture-to-design', 'succeeded', 'page', '/requirements/REQ-102', '/requirements/REQ-102', 'auto-pipeline', 'ai', TIMESTAMP '2026-04-16 16:00:00', TIMESTAMP '2026-04-16 16:08:00', 480000, '{"architectureId":"ARCH-402"}', '{"designGenerated":true}', '[]', '[]', 'L2-Auto-with-approval', 75, 'aud-012', 'Generated design artifacts for ARCH-402');

-- design-to-tasks runs (2)
INSERT INTO skill_execution (id, workspace_id, skill_id, skill_key, status, trigger_source_type, trigger_source_page, trigger_source_url, triggered_by, triggered_by_type, started_at, ended_at, duration_ms, input_summary, output_summary, step_breakdown, policy_trail, autonomy_level, time_saved_minutes, audit_record_id, outcome_summary) VALUES
('run-013', 'WS-001', 'sk-005', 'design-to-tasks', 'succeeded', 'page', '/requirements/REQ-101', '/requirements/REQ-101', 'dev-carol', 'human', TIMESTAMP '2026-04-17 13:00:00', TIMESTAMP '2026-04-17 13:04:00', 240000, '{"designId":"DES-501"}', '{"tasksGenerated":12}', '[]', '[]', 'L1-Assist', 25, 'aud-013', 'Generated 12 implementation tasks from DES-501'),
('run-014', 'WS-001', 'sk-005', 'design-to-tasks', 'succeeded', 'page', '/requirements/REQ-102', '/requirements/REQ-102', 'dev-dave',  'human', TIMESTAMP '2026-04-15 11:00:00', TIMESTAMP '2026-04-15 11:03:00', 180000, '{"designId":"DES-502"}', '{"tasksGenerated":8}',  '[]', '[]', 'L1-Assist', 20, 'aud-014', 'Generated 8 implementation tasks from DES-502');

-- incident-diagnosis runs (5 — most active skill)
INSERT INTO skill_execution (id, workspace_id, skill_id, skill_key, status, trigger_source_type, trigger_source_page, trigger_source_url, triggered_by, triggered_by_type, started_at, ended_at, duration_ms, input_summary, output_summary, step_breakdown, policy_trail, autonomy_level, time_saved_minutes, audit_record_id, outcome_summary) VALUES
('run-015', 'WS-001', 'sk-006', 'incident-diagnosis', 'succeeded', 'page', '/incidents/INC-0422', '/incidents/INC-0422', 'auto-detector', 'ai', TIMESTAMP '2026-04-17 14:01:42', TIMESTAMP '2026-04-17 14:02:11', 29120, '{"incidentId":"INC-0422","signals":["high-5xx-rate","p99-latency-spike"],"recentChangeWindowMinutes":60}', '{"rootCauseHypothesis":"Deploy DEP-9981 introduced a null-check regression in OrderService","confidence":0.92,"recommendedActions":["rollback:DEP-9981"]}', '[{"ordinal":1,"name":"gather-signals","status":"succeeded","startedAt":"2026-04-17T14:01:42Z","endedAt":"2026-04-17T14:01:48Z","durationMs":6000,"note":null},{"ordinal":2,"name":"correlate-changes","status":"succeeded","startedAt":"2026-04-17T14:01:48Z","endedAt":"2026-04-17T14:01:58Z","durationMs":10000,"note":null},{"ordinal":3,"name":"form-hypothesis","status":"succeeded","startedAt":"2026-04-17T14:01:58Z","endedAt":"2026-04-17T14:02:08Z","durationMs":10000,"note":null},{"ordinal":4,"name":"propose-actions","status":"succeeded","startedAt":"2026-04-17T14:02:08Z","endedAt":"2026-04-17T14:02:11Z","durationMs":3000,"note":null}]', '[{"rule":"autonomy<=L2","decision":"allowed","at":"2026-04-17T14:01:42Z","note":null},{"rule":"action=rollback gated","decision":"held-for-approval","at":"2026-04-17T14:02:11Z","note":"Escalated to SRE Lead"}]', 'L2-Auto-with-approval', 25, 'aud-015', 'Correlated to deploy DEP-9981 rollback recommended'),
('run-016', 'WS-001', 'sk-006', 'incident-diagnosis', 'succeeded', 'page', '/incidents/INC-0418', '/incidents/INC-0418', 'auto-detector', 'ai', TIMESTAMP '2026-04-16 03:15:00', TIMESTAMP '2026-04-16 03:15:45', 45000,  '{"incidentId":"INC-0418"}', '{"rootCauseHypothesis":"Memory leak in cache layer"}', '[]', '[]', 'L2-Auto-with-approval', 20, 'aud-016', 'Memory leak in cache layer identified'),
('run-017', 'WS-001', 'sk-006', 'incident-diagnosis', 'succeeded', 'page', '/incidents/INC-0415', '/incidents/INC-0415', 'auto-detector', 'ai', TIMESTAMP '2026-04-14 22:00:00', TIMESTAMP '2026-04-14 22:00:38', 38000,  '{"incidentId":"INC-0415"}', '{"rootCauseHypothesis":"DNS resolution failure"}',     '[]', '[]', 'L2-Auto-with-approval', 15, 'aud-017', 'DNS resolution failure in us-east-1'),
('run-018', 'WS-001', 'sk-006', 'incident-diagnosis', 'failed',    'page', '/incidents/INC-0410', '/incidents/INC-0410', 'auto-detector', 'ai', TIMESTAMP '2026-04-12 08:00:00', TIMESTAMP '2026-04-12 08:01:00', 60000,  '{"incidentId":"INC-0410"}', '{}',                                                   '[]', '[]', 'L2-Auto-with-approval', 0,  'aud-018', 'Failed: insufficient signal data'),
('run-019', 'WS-001', 'sk-006', 'incident-diagnosis', 'pending_approval', 'page', '/incidents/INC-0425', '/incidents/INC-0425', 'auto-detector', 'ai', TIMESTAMP '2026-04-18 06:00:00', null, null, '{"incidentId":"INC-0425"}', '{}', '[]', '[{"rule":"action=restart gated","decision":"held-for-approval","at":"2026-04-18T06:00:00Z","note":"Awaiting SRE Lead approval"}]', 'L2-Auto-with-approval', 0, null, 'Diagnosis complete, remediation awaiting approval');

-- incident-remediation runs (3)
INSERT INTO skill_execution (id, workspace_id, skill_id, skill_key, status, trigger_source_type, trigger_source_page, trigger_source_url, triggered_by, triggered_by_type, started_at, ended_at, duration_ms, input_summary, output_summary, step_breakdown, policy_trail, autonomy_level, time_saved_minutes, audit_record_id, outcome_summary) VALUES
('run-020', 'WS-001', 'sk-007', 'incident-remediation', 'succeeded',   'page', '/incidents/INC-0422', '/incidents/INC-0422', 'system',        'system', TIMESTAMP '2026-04-17 14:05:00', TIMESTAMP '2026-04-17 14:06:30', 90000,  '{"diagnosisId":"run-015"}', '{"action":"rollback DEP-9981","result":"success"}', '[]', '[]', 'L3-Auto', 15, 'aud-020', 'Rolled back DEP-9981 successfully'),
('run-021', 'WS-001', 'sk-007', 'incident-remediation', 'succeeded',   'page', '/incidents/INC-0418', '/incidents/INC-0418', 'system',        'system', TIMESTAMP '2026-04-16 03:20:00', TIMESTAMP '2026-04-16 03:21:00', 60000,  '{"diagnosisId":"run-016"}', '{"action":"restart cache pods","result":"success"}', '[]', '[]', 'L3-Auto', 10, 'aud-021', 'Restarted cache pods, memory leak resolved'),
('run-022', 'WS-001', 'sk-007', 'incident-remediation', 'rolled_back', 'page', '/incidents/INC-0415', '/incidents/INC-0415', 'system',        'system', TIMESTAMP '2026-04-14 22:05:00', TIMESTAMP '2026-04-14 22:10:00', 300000, '{"diagnosisId":"run-017"}', '{"action":"switch DNS provider","result":"rolled_back"}', '[]', '[]', 'L3-Auto', 0, 'aud-022', 'DNS switch failed, rolled back to original provider');

-- code-review-assist runs (2)
INSERT INTO skill_execution (id, workspace_id, skill_id, skill_key, status, trigger_source_type, trigger_source_page, trigger_source_url, triggered_by, triggered_by_type, started_at, ended_at, duration_ms, input_summary, output_summary, step_breakdown, policy_trail, autonomy_level, time_saved_minutes, audit_record_id, outcome_summary) VALUES
('run-023', 'WS-001', 'sk-008', 'code-review-assist', 'succeeded', 'webhook', null, 'https://gitlab.example/org/order-service/-/merge_requests/4123', 'gitlab-webhook', 'system', TIMESTAMP '2026-04-17 15:00:00', TIMESTAMP '2026-04-17 15:01:30', 90000,  '{"pullRequestId":"MR-4123"}', '{"commentsPosted":3,"criticalIssues":1}', '[]', '[]', 'L0-Manual', 15, 'aud-023', 'Found 1 critical SQL injection, 2 minor style issues'),
('run-024', 'WS-001', 'sk-008', 'code-review-assist', 'running',   'webhook', null, 'https://gitlab.example/org/user-service/-/merge_requests/892',   'gitlab-webhook', 'system', TIMESTAMP '2026-04-18 09:30:00', null, null, '{"pullRequestId":"MR-892"}', '{}', '[]', '[]', 'L0-Manual', 0, null, 'Review in progress for MR-892');

-- ============================================================
-- Evidence Links (on 5 executions)
-- ============================================================

INSERT INTO evidence_link (id, execution_id, title, type, source_system, url, position) VALUES
('ev-001', 'run-015', 'Deploy DEP-9981',                              'deploy', 'internal', '/deployments/DEP-9981',                                                              1),
('ev-002', 'run-015', 'Grafana latency dashboard (14:00-14:10)',       'metric', 'grafana',  'https://grafana.internal/d/api-latency',                                              2),
('ev-003', 'run-015', 'MR !4123 order-service',                       'code',   'gitlab',   'https://gitlab.example/org/order-service/-/merge_requests/4123',                      3),
('ev-004', 'run-016', 'Heap usage spike graph',                        'metric', 'grafana',  'https://grafana.internal/d/jvm-memory',                                               1),
('ev-005', 'run-016', 'Cache config change commit',                    'code',   'gitlab',   'https://gitlab.example/org/cache-service/-/commit/abc123',                             2),
('ev-006', 'run-020', 'Rollback pipeline run',                         'deploy', 'internal', '/deployments/DEP-9981/rollback',                                                      1),
('ev-007', 'run-020', 'Post-rollback health check',                    'metric', 'grafana',  'https://grafana.internal/d/api-latency?from=1713363900000&to=1713364200000',           2),
('ev-008', 'run-023', 'SQL injection finding',                         'code',   'gitlab',   'https://gitlab.example/org/order-service/-/merge_requests/4123#note_98765',            1),
('ev-009', 'run-001', 'Source requirement REQ-101',                    'doc',    'internal', '/requirements/REQ-101',                                                               1),
('ev-010', 'run-011', 'Architecture decision record',                  'doc',    'internal', '/docs/04-architecture/ai-center-architecture.md',                                     1);
